,Id,SalePrice
0,1461,11.307492
1,1462,11.282895
2,1463,11.378246
3,1464,11.336598
4,1465,11.307034
5,1466,11.3655
6,1467,11.392228
7,1468,11.375679
8,1469,11.302677
9,1470,11.320183
10,1471,11.310544
11,1472,11.343268
12,1473,11.397711
13,1474,11.335782
14,1475,11.336364
15,1476,11.315468
16,1477,11.350524
17,1478,11.311384
18,1479,11.344436
19,1480,11.253703
20,1481,11.294707
21,1482,11.311524
22,1483,11.330769
23,1484,11.293794
24,1485,11.409542
25,1486,11.344095
26,1487,11.34236
27,1488,11.306488
28,1489,11.330175
29,1490,11.316274
30,1491,11.356261
31,1492,11.275895
32,1493,11.343235
33,1494,11.334341
34,1495,11.327729
35,1496,11.309683
36,1497,11.34906
37,1498,11.366205
38,1499,11.347032
39,1500,11.361877
40,1501,11.401513
41,1502,11.3575115
42,1503,11.328025
43,1504,11.29288
44,1505,11.271622
45,1506,11.335753
46,1507,11.351187
47,1508,11.394008
48,1509,11.397253
49,1510,11.312612
50,1511,11.323443
51,1512,11.276117
52,1513,11.412957
53,1514,11.383994
54,1515,11.425523
55,1516,11.361114
56,1517,11.352697
57,1518,11.303533
58,1519,11.326251
59,1520,11.315282
60,1521,11.298593
61,1522,11.323816
62,1523,11.337275
63,1524,11.311631
64,1525,11.351507
65,1526,11.335029
66,1527,11.371175
67,1528,11.364471
68,1529,11.289347
69,1530,11.235782
70,1531,11.257839
71,1532,11.28447
72,1533,11.272457
73,1534,11.368481
74,1535,11.409207
75,1536,11.373283
76,1537,11.339869
77,1538,11.320569
78,1539,11.354153
79,1540,11.226485
80,1541,11.408412
81,1542,11.428434
82,1543,11.370646
83,1544,11.278921
84,1545,11.336966
85,1546,11.341144
86,1547,11.2893
87,1548,11.34235
88,1549,11.332298
89,1550,11.324881
90,1551,11.312888
91,1552,11.332631
92,1553,11.304084
93,1554,11.355591
94,1555,11.289966
95,1556,11.289289
96,1557,11.284742
97,1558,11.304072
98,1559,11.304176
99,1560,11.259767
100,1561,11.31886
101,1562,11.363097
102,1563,11.3184395
103,1564,11.377706
104,1565,11.3409395
105,1566,11.38019
106,1567,11.27276
107,1568,11.337013
108,1569,11.312395
109,1570,11.349808
110,1571,11.429245
111,1572,11.311525
112,1573,11.373272
113,1574,11.342306
114,1575,11.291978
115,1576,11.319788
116,1577,11.341743
117,1578,11.315849
118,1579,11.417959
119,1580,11.441767
120,1581,11.343018
121,1582,11.406768
122,1583,11.315492
123,1584,11.319983
124,1585,11.36602
125,1586,11.415743
126,1587,11.341786
127,1588,11.322423
128,1589,11.306421
129,1590,11.399121
130,1591,11.316121
131,1592,11.298287
132,1593,11.356996
133,1594,11.440069
134,1595,11.264854
135,1596,11.308916
136,1597,11.42292
137,1598,11.449128
138,1599,11.30474
139,1600,11.289981
140,1601,11.334617
141,1602,11.316229
142,1603,11.269568
143,1604,11.2854
144,1605,11.371998
145,1606,11.334382
146,1607,11.400879
147,1608,11.31356
148,1609,11.343396
149,1610,11.432309
150,1611,11.384775
151,1612,11.346971
152,1613,11.408737
153,1614,11.272354
154,1615,11.317912
155,1616,11.359213
156,1617,11.400157
157,1618,11.429119
158,1619,11.312579
159,1620,11.353557
160,1621,11.480039
161,1622,11.337924
162,1623,11.2911215
163,1624,11.30347
164,1625,11.329969
165,1626,11.338387
166,1627,11.359438
167,1628,11.408199
168,1629,11.437708
169,1630,11.305086
170,1631,11.315732
171,1632,11.314821
172,1633,11.379725
173,1634,11.3652935
174,1635,11.415631
175,1636,11.3518915
176,1637,11.370049
177,1638,11.370439
178,1639,11.300887
179,1640,11.412512
180,1641,11.393672
181,1642,11.365766
182,1643,11.37759
183,1644,11.332852
184,1645,11.340733
185,1646,11.390862
186,1647,11.348924
187,1648,11.345459
188,1649,11.39252
189,1650,11.364598
190,1651,11.424796
191,1652,11.375778
192,1653,11.370406
193,1654,11.35012
194,1655,11.2980585
195,1656,11.364032
196,1657,11.373315
197,1658,11.327012
198,1659,11.344699
199,1660,11.42857
200,1661,11.351513
201,1662,11.3907585
202,1663,11.311152
203,1664,11.262418
204,1665,11.303773
205,1666,11.318626
206,1667,11.383338
207,1668,11.321609
208,1669,11.303318
209,1670,11.335896
210,1671,11.335175
211,1672,11.343296
212,1673,11.359458
213,1674,11.312505
214,1675,11.334956
215,1676,11.317899
216,1677,11.327721
217,1678,11.262303
218,1679,11.27991
219,1680,11.331059
220,1681,11.357475
221,1682,11.291213
222,1683,11.292655
223,1684,11.386258
224,1685,11.365345
225,1686,11.305178
226,1687,11.394245
227,1688,11.346156
228,1689,11.331166
229,1690,11.415109
230,1691,11.37554
231,1692,11.442608
232,1693,11.372176
233,1694,11.408371
234,1695,11.434653
235,1696,11.405683
236,1697,11.444181
237,1698,11.31617
238,1699,11.289961
239,1700,11.326777
240,1701,11.362955
241,1702,11.301723
242,1703,11.317127
243,1704,11.339591
244,1705,11.274463
245,1706,11.301871
246,1707,11.292836
247,1708,11.306225
248,1709,11.278909
249,1710,11.320451
250,1711,11.36026
251,1712,11.315399
252,1713,11.321046
253,1714,11.257975
254,1715,11.367247
255,1716,11.372487
256,1717,11.337442
257,1718,11.36947
258,1719,11.325005
259,1720,11.258548
260,1721,11.352567
261,1722,11.395379
262,1723,11.419119
263,1724,11.340741
264,1725,11.392782
265,1726,11.310421
266,1727,11.330119
267,1728,11.296672
268,1729,11.442219
269,1730,11.457377
270,1731,11.335527
271,1732,11.390473
272,1733,11.348679
273,1734,11.354584
274,1735,11.395604
275,1736,11.296001
276,1737,11.322849
277,1738,11.369725
278,1739,11.363845
279,1740,11.317929
280,1741,11.376733
281,1742,11.38564
282,1743,11.40808
283,1744,11.322135
284,1745,11.2635355
285,1746,11.412519
286,1747,11.334107
287,1748,11.369504
288,1749,11.2477
289,1750,11.345832
290,1751,11.374428
291,1752,11.331434
292,1753,11.289064
293,1754,11.347646
294,1755,11.391921
295,1756,11.379487
296,1757,11.338322
297,1758,11.397923
298,1759,11.371991
299,1760,11.291148
300,1761,11.306639
301,1762,11.463684
302,1763,11.313929
303,1764,11.280303
304,1765,11.354121
305,1766,11.310681
306,1767,11.386387
307,1768,11.287209
308,1769,11.370768
309,1770,11.346273
310,1771,11.28754
311,1772,11.216161
312,1773,11.286526
313,1774,11.3144
314,1775,11.330269
315,1776,11.340842
316,1777,11.305363
317,1778,11.372795
318,1779,11.328619
319,1780,11.446426
320,1781,11.266793
321,1782,11.306308
322,1783,11.387023
323,1784,11.345141
324,1785,11.299029
325,1786,11.322947
326,1787,11.369137
327,1788,11.257629
328,1789,11.303059
329,1790,11.295663
330,1791,11.384247
331,1792,11.340221
332,1793,11.336708
333,1794,11.397115
334,1795,11.331764
335,1796,11.340334
336,1797,11.363685
337,1798,11.312034
338,1799,11.31919
339,1800,11.315181
340,1801,11.410617
341,1802,11.394541
342,1803,11.3698225
343,1804,11.355707
344,1805,11.317821
345,1806,11.360419
346,1807,11.327356
347,1808,11.405969
348,1809,11.367566
349,1810,11.359997
350,1811,11.304498
351,1812,11.300379
352,1813,11.388208
353,1814,11.290684
354,1815,11.334934
355,1816,11.324909
356,1817,11.289592
357,1818,11.2322035
358,1819,11.325884
359,1820,11.256326
360,1821,11.297351
361,1822,11.401207
362,1823,11.268097
363,1824,11.245421
364,1825,11.336456
365,1826,11.324982
366,1827,11.356073
367,1828,11.316458
368,1829,11.356974
369,1830,11.326992
370,1831,11.383568
371,1832,11.248373
372,1833,11.327944
373,1834,11.394128
374,1835,11.33262
375,1836,11.298851
376,1837,11.196237
377,1838,11.341441
378,1839,11.346336
379,1840,11.379995
380,1841,11.405102
381,1842,11.313621
382,1843,11.346839
383,1844,11.424651
384,1845,11.380495
385,1846,11.337468
386,1847,11.37758
387,1848,11.369315
388,1849,11.406783
389,1850,11.3331
390,1851,11.319933
391,1852,11.253234
392,1853,11.27517
393,1854,11.301578
394,1855,11.416187
395,1856,11.311658
396,1857,11.360396
397,1858,11.47119
398,1859,11.437129
399,1860,11.351907
400,1861,11.426936
401,1862,11.4328575
402,1863,11.418971
403,1864,11.419156
404,1865,11.333821
405,1866,11.316592
406,1867,11.325744
407,1868,11.301007
408,1869,11.319429
409,1870,11.3180685
410,1871,11.306679
411,1872,11.367571
412,1873,11.346604
413,1874,11.388815
414,1875,11.3581505
415,1876,11.372254
416,1877,11.33167
417,1878,11.30076
418,1879,11.410442
419,1880,11.373363
420,1881,11.327349
421,1882,11.3963175
422,1883,11.374897
423,1884,11.388528
424,1885,11.312791
425,1886,11.36347
426,1887,11.318619
427,1888,11.345754
428,1889,11.380654
429,1890,11.343988
430,1891,11.4426775
431,1892,11.306848
432,1893,11.3243885
433,1894,11.333844
434,1895,11.3414755
435,1896,11.358652
436,1897,11.310223
437,1898,11.279313
438,1899,11.344322
439,1900,11.338593
440,1901,11.386719
441,1902,11.274772
442,1903,11.384604
443,1904,11.272135
444,1905,11.227683
445,1906,11.358967
446,1907,11.262275
447,1908,11.374302
448,1909,11.341205
449,1910,11.347373
450,1911,11.44965
451,1912,11.359061
452,1913,11.304429
453,1914,11.306483
454,1915,11.319007
455,1916,11.267853
456,1917,11.319651
457,1918,11.365441
458,1919,11.2980995
459,1920,11.377843
460,1921,11.303839
461,1922,11.365213
462,1923,11.411857
463,1924,11.237945
464,1925,11.343153
465,1926,11.299598
466,1927,11.357862
467,1928,11.388596
468,1929,11.352304
469,1930,11.390068
470,1931,11.406341
471,1932,11.448595
472,1933,11.372291
473,1934,11.38546
474,1935,11.372699
475,1936,11.35414
476,1937,11.426492
477,1938,11.363974
478,1939,11.311105
479,1940,11.2874775
480,1941,11.39485
481,1942,11.455077
482,1943,11.300397
483,1944,11.332758
484,1945,11.311133
485,1946,11.361453
486,1947,11.34259
487,1948,11.388947
488,1949,11.310447
489,1950,11.372827
490,1951,11.250085
491,1952,11.23833
492,1953,11.341087
493,1954,11.396764
494,1955,11.387493
495,1956,11.444468
496,1957,11.360255
497,1958,11.428805
498,1959,11.369667
499,1960,11.336717
500,1961,11.34802
501,1962,11.380266
502,1963,11.35848
503,1964,11.393141
504,1965,11.329996
505,1966,11.345633
506,1967,11.307658
507,1968,11.239804
508,1969,11.292415
509,1970,11.3214445
510,1971,11.37649
511,1972,11.347142
512,1973,11.375958
513,1974,11.344617
514,1975,11.291853
515,1976,11.288193
516,1977,11.344408
517,1978,11.304529
518,1979,11.378122
519,1980,11.329671
520,1981,11.352728
521,1982,11.393016
522,1983,11.378712
523,1984,11.351158
524,1985,11.324315
525,1986,11.364445
526,1987,11.303614
527,1988,11.35833
528,1989,11.3711195
529,1990,11.391594
530,1991,11.325184
531,1992,11.3488655
532,1993,11.391265
533,1994,11.381575
534,1995,11.363833
535,1996,11.359302
536,1997,11.359888
537,1998,11.248081
538,1999,11.329065
539,2000,11.374872
540,2001,11.2682905
541,2002,11.374112
542,2003,11.328834
543,2004,11.351807
544,2005,11.343761
545,2006,11.282541
546,2007,11.297908
547,2008,11.297511
548,2009,11.304678
549,2010,11.352352
550,2011,11.399743
551,2012,11.3334675
552,2013,11.356086
553,2014,11.330155
554,2015,11.343266
555,2016,11.374244
556,2017,11.315682
557,2018,11.261528
558,2019,11.397924
559,2020,11.389432
560,2021,11.337534
561,2022,11.352733
562,2023,11.410343
563,2024,11.385548
564,2025,11.280055
565,2026,11.329899
566,2027,11.378151
567,2028,11.398334
568,2029,11.4202385
569,2030,11.30769
570,2031,11.297696
571,2032,11.283702
572,2033,11.286114
573,2034,11.389807
574,2035,11.42356
575,2036,11.357808
576,2037,11.359428
577,2038,11.31117
578,2039,11.311594
579,2040,11.411448
580,2041,11.273911
581,2042,11.384207
582,2043,11.359337
583,2044,11.301608
584,2045,11.362392
585,2046,11.333627
586,2047,11.401408
587,2048,11.360871
588,2049,11.349764
589,2050,11.43229
590,2051,11.320116
591,2052,11.284343
592,2053,11.354194
593,2054,11.316988
594,2055,11.296715
595,2056,11.318438
596,2057,11.292418
597,2058,11.355192
598,2059,11.2655325
599,2060,11.32031
600,2061,11.24834
601,2062,11.319462
602,2063,11.306088
603,2064,11.287432
604,2065,11.330156
605,2066,11.305266
606,2067,11.338454
607,2068,11.318155
608,2069,11.37464
609,2070,11.311953
610,2071,11.327304
611,2072,11.407804
612,2073,11.336263
613,2074,11.369882
614,2075,11.405963
615,2076,11.320751
616,2077,11.193771
617,2078,11.275352
618,2079,11.352217
619,2080,11.347756
620,2081,11.35385
621,2082,11.289536
622,2083,11.362277
623,2084,11.306109
624,2085,11.309841
625,2086,11.513168
626,2087,11.43956
627,2088,11.277373
628,2089,11.300249
629,2090,11.378633
630,2091,11.383299
631,2092,11.341198
632,2093,11.312178
633,2094,11.299177
634,2095,11.382131
635,2096,11.298535
636,2097,11.303167
637,2098,11.384037
638,2099,11.30607
639,2100,11.383897
640,2101,11.325117
641,2102,11.321472
642,2103,11.374701
643,2104,11.352833
644,2105,11.291089
645,2106,11.297143
646,2107,11.300755
647,2108,11.3553705
648,2109,11.409763
649,2110,11.273229
650,2111,11.31764
651,2112,11.343657
652,2113,11.408588
653,2114,11.3453455
654,2115,11.378202
655,2116,11.359626
656,2117,11.356567
657,2118,11.322029
658,2119,11.290276
659,2120,11.387755
660,2121,11.306374
661,2122,11.282975
662,2123,11.415171
663,2124,11.30324
664,2125,11.306866
665,2126,11.321965
666,2127,11.364087
667,2128,11.252969
668,2129,11.316522
669,2130,11.368198
670,2131,11.334985
671,2132,11.39682
672,2133,11.309423
673,2134,11.315044
674,2135,11.351688
675,2136,11.282602
676,2137,11.331412
677,2138,11.39375
678,2139,11.394943
679,2140,11.366718
680,2141,11.4175205
681,2142,11.346219
682,2143,11.33219
683,2144,11.275058
684,2145,11.305089
685,2146,11.324992
686,2147,11.372927
687,2148,11.402456
688,2149,11.4364
689,2150,11.306749
690,2151,11.285157
691,2152,11.34411
692,2153,11.261417
693,2154,11.379403
694,2155,11.442123
695,2156,11.442665
696,2157,11.270162
697,2158,11.376341
698,2159,11.342441
699,2160,11.369211
700,2161,11.306774
701,2162,11.379719
702,2163,11.3091345
703,2164,11.352499
704,2165,11.271956
705,2166,11.384243
706,2167,11.326713
707,2168,11.436334
708,2169,11.362587
709,2170,11.3496685
710,2171,11.427133
711,2172,11.43439
712,2173,11.37818
713,2174,11.411787
714,2175,11.339712
715,2176,11.367903
716,2177,11.396275
717,2178,11.351693
718,2179,11.364804
719,2180,11.31659
720,2181,11.329999
721,2182,11.354113
722,2183,11.3419895
723,2184,11.321686
724,2185,11.39238
725,2186,11.40238
726,2187,11.359625
727,2188,11.437835
728,2189,11.436417
729,2190,11.347902
730,2191,11.34457
731,2192,11.329709
732,2193,11.383931
733,2194,11.437971
734,2195,11.280531
735,2196,11.344169
736,2197,11.362057
737,2198,11.276075
738,2199,11.274198
739,2200,11.313097
740,2201,11.309363
741,2202,11.352963
742,2203,11.329338
743,2204,11.3919
744,2205,11.328167
745,2206,11.229754
746,2207,11.333105
747,2208,11.364452
748,2209,11.331483
749,2210,11.374027
750,2211,11.364778
751,2212,11.378185
752,2213,11.328966
753,2214,11.354035
754,2215,11.349775
755,2216,11.334624
756,2217,11.317522
757,2218,11.261589
758,2219,11.333692
759,2220,11.279418
760,2221,11.311417
761,2222,11.293983
762,2223,11.39556
763,2224,11.389227
764,2225,11.425651
765,2226,11.327788
766,2227,11.274078
767,2228,11.34805
768,2229,11.352371
769,2230,11.450921
770,2231,11.366716
771,2232,11.359949
772,2233,11.300171
773,2234,11.301826
774,2235,11.315005
775,2236,11.29785
776,2237,11.3267975
777,2238,11.362886
778,2239,11.405198
779,2240,11.381789
780,2241,11.271935
781,2242,11.382357
782,2243,11.365262
783,2244,11.358931
784,2245,11.34231
785,2246,11.409419
786,2247,11.381058
787,2248,11.352627
788,2249,11.400422
789,2250,11.452383
790,2251,11.36972
791,2252,11.335728
792,2253,11.429691
793,2254,11.452023
794,2255,11.418833
795,2256,11.390666
796,2257,11.381249
797,2258,11.38696
798,2259,11.369551
799,2260,11.309239
800,2261,11.30833
801,2262,11.322499
802,2263,11.362174
803,2264,11.382347
804,2265,11.3699665
805,2266,11.349321
806,2267,11.272057
807,2268,11.298515
808,2269,11.434633
809,2270,11.376749
810,2271,11.33155
811,2272,11.372156
812,2273,11.33754
813,2274,11.313285
814,2275,11.324205
815,2276,11.233587
816,2277,11.371526
817,2278,11.418438
818,2279,11.327596
819,2280,11.403469
820,2281,11.293271
821,2282,11.363259
822,2283,11.398938
823,2284,11.37581
824,2285,11.322661
825,2286,11.366748
826,2287,11.304369
827,2288,11.3308935
828,2289,11.28492
829,2290,11.33994
830,2291,11.382869
831,2292,11.297144
832,2293,11.290059
833,2294,11.309413
834,2295,11.338194
835,2296,11.366159
836,2297,11.351869
837,2298,11.317732
838,2299,11.344419
839,2300,11.32569
840,2301,11.416602
841,2302,11.324429
842,2303,11.294791
843,2304,11.362762
844,2305,11.336846
845,2306,11.345948
846,2307,11.346303
847,2308,11.29331
848,2309,11.353204
849,2310,11.369032
850,2311,11.315723
851,2312,11.416714
852,2313,11.382258
853,2314,11.390864
854,2315,11.364421
855,2316,11.40964
856,2317,11.336954
857,2318,11.339858
858,2319,11.352485
859,2320,11.357163
860,2321,11.343923
861,2322,11.288651
862,2323,11.379326
863,2324,11.400472
864,2325,11.317155
865,2326,11.438771
866,2327,11.389848
867,2328,11.380812
868,2329,11.405432
869,2330,11.33599
870,2331,11.32371
871,2332,11.332624
872,2333,11.321705
873,2334,11.345476
874,2335,11.335051
875,2336,11.335187
876,2337,11.356896
877,2338,11.344062
878,2339,11.294187
879,2340,11.318918
880,2341,11.311229
881,2342,11.30406
882,2343,11.317838
883,2344,11.350845
884,2345,11.369944
885,2346,11.316362
886,2347,11.329236
887,2348,11.321656
888,2349,11.408616
889,2350,11.355802
890,2351,11.306699
891,2352,11.290133
892,2353,11.354888
893,2354,11.396769
894,2355,11.361613
895,2356,11.419371
896,2357,11.345804
897,2358,11.402506
898,2359,11.359078
899,2360,11.307007
900,2361,11.353106
901,2362,11.417181
902,2363,11.332495
903,2364,11.331186
904,2365,11.300325
905,2366,11.290819
906,2367,11.303433
907,2368,11.324187
908,2369,11.323032
909,2370,11.43203
910,2371,11.385014
911,2372,11.306637
912,2373,11.434669
913,2374,11.32324
914,2375,11.292419
915,2376,11.278144
916,2377,11.238929
917,2378,11.330943
918,2379,11.383854
919,2380,11.353704
920,2381,11.282491
921,2382,11.293478
922,2383,11.277135
923,2384,11.348111
924,2385,11.332805
925,2386,11.278432
926,2387,11.321904
927,2388,11.432749
928,2389,11.302619
929,2390,11.342361
930,2391,11.326888
931,2392,11.346668
932,2393,11.318377
933,2394,11.299111
934,2395,11.436823
935,2396,11.363447
936,2397,11.409312
937,2398,11.29515
938,2399,11.268561
939,2400,11.322181
940,2401,11.312558
941,2402,11.284697
942,2403,11.370038
943,2404,11.359046
944,2405,11.316365
945,2406,11.358776
946,2407,11.32072
947,2408,11.298059
948,2409,11.327223
949,2410,11.318848
950,2411,11.345958
951,2412,11.280841
952,2413,11.306327
953,2414,11.384759
954,2415,11.334635
955,2416,11.357351
956,2417,11.307127
957,2418,11.335629
958,2419,11.330262
959,2420,11.318197
960,2421,11.271007
961,2422,11.410005
962,2423,11.293198
963,2424,11.448151
964,2425,11.426574
965,2426,11.349315
966,2427,11.315367
967,2428,11.313745
968,2429,11.338308
969,2430,11.366558
970,2431,11.272318
971,2432,11.381736
972,2433,11.303595
973,2434,11.303977
974,2435,11.292207
975,2436,11.347574
976,2437,11.319952
977,2438,11.333402
978,2439,11.348041
979,2440,11.35915
980,2441,11.271051
981,2442,11.319294
982,2443,11.314963
983,2444,11.317657
984,2445,11.2699375
985,2446,11.299571
986,2447,11.398738
987,2448,11.336859
988,2449,11.296761
989,2450,11.318152
990,2451,11.375406
991,2452,11.35434
992,2453,11.374113
993,2454,11.413823
994,2455,11.310816
995,2456,11.370201
996,2457,11.424781
997,2458,11.32145
998,2459,11.321506
999,2460,11.327516
1000,2461,11.381047
1001,2462,11.366665
1002,2463,11.295389
1003,2464,11.374179
1004,2465,11.313344
1005,2466,11.311945
1006,2467,11.405398
1007,2468,11.290675
1008,2469,11.264889
1009,2470,11.393634
1010,2471,11.320853
1011,2472,11.344514
1012,2473,11.331145
1013,2474,11.270214
1014,2475,11.318138
1015,2476,11.36161
1016,2477,11.365893
1017,2478,11.352526
1018,2479,11.37448
1019,2480,11.419189
1020,2481,11.354298
1021,2482,11.39521
1022,2483,11.293698
1023,2484,11.360892
1024,2485,11.349577
1025,2486,11.362809
1026,2487,11.323126
1027,2488,11.364111
1028,2489,11.357945
1029,2490,11.359578
1030,2491,11.403611
1031,2492,11.378558
1032,2493,11.458336
1033,2494,11.415082
1034,2495,11.357492
1035,2496,11.299115
1036,2497,11.271036
1037,2498,11.320849
1038,2499,11.464829
1039,2500,11.341467
1040,2501,11.334742
1041,2502,11.421462
1042,2503,11.29824
1043,2504,11.494552
1044,2505,11.330606
1045,2506,11.298454
1046,2507,11.288591
1047,2508,11.303018
1048,2509,11.316432
1049,2510,11.329808
1050,2511,11.335996
1051,2512,11.341697
1052,2513,11.342997
1053,2514,11.175517
1054,2515,11.4857855
1055,2516,11.380419
1056,2517,11.372766
1057,2518,11.374693
1058,2519,11.329387
1059,2520,11.416071
1060,2521,11.370718
1061,2522,11.379255
1062,2523,11.345514
1063,2524,11.343015
1064,2525,11.44732
1065,2526,11.400706
1066,2527,11.363471
1067,2528,11.348624
1068,2529,11.373923
1069,2530,11.43122
1070,2531,11.32551
1071,2532,11.390901
1072,2533,11.330217
1073,2534,11.273552
1074,2535,11.366468
1075,2536,11.408603
1076,2537,11.285381
1077,2538,11.386109
1078,2539,11.320008
1079,2540,11.342661
1080,2541,11.377431
1081,2542,11.374042
1082,2543,11.312119
1083,2544,11.310796
1084,2545,11.3265085
1085,2546,11.326636
1086,2547,11.376232
1087,2548,11.489279
1088,2549,11.417798
1089,2550,11.201295
1090,2551,11.39311
1091,2552,11.332233
1092,2553,11.3274555
1093,2554,11.302491
1094,2555,11.361618
1095,2556,11.359357
1096,2557,11.321842
1097,2558,11.29833
1098,2559,11.283861
1099,2560,11.344033
1100,2561,11.368329
1101,2562,11.276063
1102,2563,11.414125
1103,2564,11.288226
1104,2565,11.276923
1105,2566,11.294505
1106,2567,11.294818
1107,2568,11.344208
1108,2569,11.382144
1109,2570,11.388395
1110,2571,11.404345
1111,2572,11.355819
1112,2573,11.382749
1113,2574,11.419754
1114,2575,11.360297
1115,2576,11.35513
1116,2577,11.365442
1117,2578,11.285558
1118,2579,11.358173
1119,2580,11.325436
1120,2581,11.345045
1121,2582,11.352467
1122,2583,11.310577
1123,2584,11.410132
1124,2585,11.321536
1125,2586,11.35294
1126,2587,11.390701
1127,2588,11.363403
1128,2589,11.358439
1129,2590,11.254171
1130,2591,11.3478365
1131,2592,11.294725
1132,2593,11.300025
1133,2594,11.334129
1134,2595,11.313113
1135,2596,11.298269
1136,2597,11.368803
1137,2598,11.402496
1138,2599,11.312215
1139,2600,11.353541
1140,2601,11.360873
1141,2602,11.341953
1142,2603,11.299202
1143,2604,11.373309
1144,2605,11.379023
1145,2606,11.311376
1146,2607,11.308324
1147,2608,11.366818
1148,2609,11.389632
1149,2610,11.371336
1150,2611,11.295191
1151,2612,11.468477
1152,2613,11.367247
1153,2614,11.394886
1154,2615,11.250688
1155,2616,11.286937
1156,2617,11.379681
1157,2618,11.334665
1158,2619,11.284461
1159,2620,11.340679
1160,2621,11.453238
1161,2622,11.363109
1162,2623,11.391731
1163,2624,11.304169
1164,2625,11.307793
1165,2626,11.405095
1166,2627,11.329485
1167,2628,11.367187
1168,2629,11.37853
1169,2630,11.349313
1170,2631,11.349227
1171,2632,11.3348465
1172,2633,11.33268
1173,2634,11.308318
1174,2635,11.399706
1175,2636,11.337867
1176,2637,11.331099
1177,2638,11.387788
1178,2639,11.43111
1179,2640,11.35849
1180,2641,11.344801
1181,2642,11.338691
1182,2643,11.420922
1183,2644,11.387882
1184,2645,11.415116
1185,2646,11.397831
1186,2647,11.344486
1187,2648,11.306013
1188,2649,11.356804
1189,2650,11.338334
1190,2651,11.345736
1191,2652,11.411773
1192,2653,11.350328
1193,2654,11.345439
1194,2655,11.295648
1195,2656,11.348236
1196,2657,11.317398
1197,2658,11.322641
1198,2659,11.346378
1199,2660,11.362466
1200,2661,11.287609
1201,2662,11.317616
1202,2663,11.392195
1203,2664,11.350534
1204,2665,11.329795
1205,2666,11.33657
1206,2667,11.3913965
1207,2668,11.387255
1208,2669,11.297228
1209,2670,11.357538
1210,2671,11.344425
1211,2672,11.310257
1212,2673,11.320227
1213,2674,11.351135
1214,2675,11.31317
1215,2676,11.349828
1216,2677,11.460529
1217,2678,11.382481
1218,2679,11.336927
1219,2680,11.363422
1220,2681,11.372871
1221,2682,11.352467
1222,2683,11.245159
1223,2684,11.345108
1224,2685,11.32782
1225,2686,11.343516
1226,2687,11.379053
1227,2688,11.318191
1228,2689,11.312359
1229,2690,11.336051
1230,2691,11.384573
1231,2692,11.34902
1232,2693,11.296975
1233,2694,11.395122
1234,2695,11.354316
1235,2696,11.351433
1236,2697,11.368321
1237,2698,11.326281
1238,2699,11.350299
1239,2700,11.341615
1240,2701,11.413973
1241,2702,11.364911
1242,2703,11.434931
1243,2704,11.451207
1244,2705,11.402449
1245,2706,11.318743
1246,2707,11.344357
1247,2708,11.415704
1248,2709,11.425558
1249,2710,11.379174
1250,2711,11.26071
1251,2712,11.318662
1252,2713,11.347271
1253,2714,11.395805
1254,2715,11.415021
1255,2716,11.3856325
1256,2717,11.364315
1257,2718,11.301641
1258,2719,11.318758
1259,2720,11.299961
1260,2721,11.361362
1261,2722,11.328608
1262,2723,11.37022
1263,2724,11.316457
1264,2725,11.321034
1265,2726,11.34408
1266,2727,11.331762
1267,2728,11.332435
1268,2729,11.393766
1269,2730,11.365675
1270,2731,11.279671
1271,2732,11.295101
1272,2733,11.364785
1273,2734,11.288022
1274,2735,11.293879
1275,2736,11.337108
1276,2737,11.355824
1277,2738,11.379367
1278,2739,11.396427
1279,2740,11.309403
1280,2741,11.276955
1281,2742,11.356055
1282,2743,11.252887
1283,2744,11.330948
1284,2745,11.380049
1285,2746,11.353322
1286,2747,11.367517
1287,2748,11.4008665
1288,2749,11.318443
1289,2750,11.307631
1290,2751,11.363842
1291,2752,11.35513
1292,2753,11.440429
1293,2754,11.258438
1294,2755,11.325906
1295,2756,11.383759
1296,2757,11.329676
1297,2758,11.332954
1298,2759,11.35532
1299,2760,11.283886
1300,2761,11.3144245
1301,2762,11.326713
1302,2763,11.303258
1303,2764,11.3298
1304,2765,11.360787
1305,2766,11.365604
1306,2767,11.351038
1307,2768,11.326835
1308,2769,11.287005
1309,2770,11.369403
1310,2771,11.35019
1311,2772,11.326478
1312,2773,11.403814
1313,2774,11.36836
1314,2775,11.332446
1315,2776,11.373411
1316,2777,11.29633
1317,2778,11.292925
1318,2779,11.283038
1319,2780,11.284706
1320,2781,11.292553
1321,2782,11.32177
1322,2783,11.281379
1323,2784,11.370223
1324,2785,11.332961
1325,2786,11.323603
1326,2787,11.37307
1327,2788,11.256681
1328,2789,11.346044
1329,2790,11.324043
1330,2791,11.378162
1331,2792,11.223707
1332,2793,11.383097
1333,2794,11.30956
1334,2795,11.362526
1335,2796,11.29301
1336,2797,11.416139
1337,2798,11.279283
1338,2799,11.399491
1339,2800,11.262675
1340,2801,11.313055
1341,2802,11.370511
1342,2803,11.301882
1343,2804,11.388278
1344,2805,11.376721
1345,2806,11.255259
1346,2807,11.339839
1347,2808,11.383761
1348,2809,11.35377
1349,2810,11.356004
1350,2811,11.330178
1351,2812,11.418134
1352,2813,11.344297
1353,2814,11.348516
1354,2815,11.375426
1355,2816,11.362853
1356,2817,11.275304
1357,2818,11.388787
1358,2819,11.295303
1359,2820,11.302601
1360,2821,11.263096
1361,2822,11.330084
1362,2823,11.344807
1363,2824,11.225911
1364,2825,11.410321
1365,2826,11.355649
1366,2827,11.351226
1367,2828,11.384289
1368,2829,11.331097
1369,2830,11.332994
1370,2831,11.30616
1371,2832,11.362046
1372,2833,11.311736
1373,2834,11.336472
1374,2835,11.305614
1375,2836,11.3620205
1376,2837,11.314465
1377,2838,11.394784
1378,2839,11.31699
1379,2840,11.365652
1380,2841,11.348364
1381,2842,11.337714
1382,2843,11.348345
1383,2844,11.383456
1384,2845,11.37584
1385,2846,11.381046
1386,2847,11.373572
1387,2848,11.402596
1388,2849,11.382822
1389,2850,11.335721
1390,2851,11.4248495
1391,2852,11.346171
1392,2853,11.3245735
1393,2854,11.355618
1394,2855,11.347732
1395,2856,11.3549595
1396,2857,11.359107
1397,2858,11.321264
1398,2859,11.312201
1399,2860,11.373065
1400,2861,11.333015
1401,2862,11.382671
1402,2863,11.3451605
1403,2864,11.355506
1404,2865,11.422778
1405,2866,11.393467
1406,2867,11.317659
1407,2868,11.294592
1408,2869,11.3042555
1409,2870,11.401445
1410,2871,11.345709
1411,2872,11.315056
1412,2873,11.301671
1413,2874,11.332453
1414,2875,11.331031
1415,2876,11.356869
1416,2877,11.29547
1417,2878,11.315053
1418,2879,11.276672
1419,2880,11.336494
1420,2881,11.364835
1421,2882,11.291791
1422,2883,11.308089
1423,2884,11.362212
1424,2885,11.34103
1425,2886,11.34126
1426,2887,11.284025
1427,2888,11.315186
1428,2889,11.337089
1429,2890,11.284056
1430,2891,11.342997
1431,2892,11.362996
1432,2893,11.3304615
1433,2894,11.2979965
1434,2895,11.3224945
1435,2896,11.301736
1436,2897,11.313808
1437,2898,11.357382
1438,2899,11.311606
1439,2900,11.353834
1440,2901,11.35925
1441,2902,11.345347
1442,2903,11.306436
1443,2904,11.308778
1444,2905,11.381175
1445,2906,11.386405
1446,2907,11.336331
1447,2908,11.393078
1448,2909,11.410946
1449,2910,11.328009
1450,2911,11.36971
1451,2912,11.292202
1452,2913,11.373719
1453,2914,11.374756
1454,2915,11.389185
1455,2916,11.376636
1456,2917,11.342719
1457,2918,11.415835
1458,2919,11.373749
